[{"id":27,"name":"AT0001","country":"AT","ts":1648439920000},{"id":25,"name":"AT0002","country":"AT","ts":1639263993000},
{"id":34,"name":"AT00023","country":"AT"},{"id":26,"name":"AT0003","country":"AT","ts":1651071762000},
{"id":29,"name":"AT0004","country":"AT","ts":1639075612000},{"id":30,"name":"AT0006","country":"AT","ts":1643725326000},
{"id":31,"name":"AT0007","country":"AT","ts":1644181383000},{"id":32,"name":"AT00077","country":"AT","ts":1657565168000},
{"id":28,"name":"AT0009","country":"AT"},{"id":40,"name":"DLX002","country":"AT"},{"id":42,"name":"DLX003","country":"AT"},
{"id":46,"name":"MM0000","country":"AT","ts":1657293607000},{"id":33,"name":"AA04","country":"CA","ts":1644469062000},
{"id":8,"name":"BB02","country":"CA"},{"id":7,"name":"CAML1234","country":"CA"},{"id":6,"name":"DC04","country":"CA"},
{"id":2,"name":"JA0001","country":"CA"},{"id":4,"name":"JA0002","country":"CA"},{"id":5,"name":"JA0003","country":"CA"},
{"id":9,"name":"JA0004","country":"CA"},{"id":10,"name":"JA0005","country":"CA"},{"id":11,"name":"JA0006","country":"CA"},
{"id":47,"name":"RS0001","country":"CA","ts":1678456585000},{"id":48,"name":"SG001","country":"CA","ts":1658153730000},
{"id":51,"name":"SJ01","country":"CA","ts":1675710673000},{"id":1,"name":"TT1121","country":"CA"},{"id":3,"name":"TT1122","country":"CA"},
{"id":16,"name":"AAAA","country":"IS"},{"id":24,"name":"AT0001","country":"IS"},{"id":22,"name":"P144264","country":"IS","ts":1636844375000},
{"id":19,"name":"P252798","country":"IS","ts":1633927126000},{"id":21,"name":"P330676","country":"IS","ts":1636838787000},
{"id":23,"name":"P330777","country":"IS","ts":1636844615000},{"id":20,"name":"P464146","country":"IS","ts":1636137873000},
{"id":15,"name":"P486572","country":"IS","ts":1633923822000},{"id":17,"name":"P486573","country":"IS","ts":1636154480000},
{"id":18,"name":"P602366","country":"IS","ts":1633926875000},
{"id":35,"name":"P646759","country":"IS","ts":1653064591000},{"id":36,"name":"P646760","country":"IS","ts":1653064993000},
{"id":60,"name":"P680719","country":"IS","ts":1679676368000},{"id":50,"name":"JM1011","country":"JM","ts":1665957668000},{"id":37,"name":"TT1161","country":"TT","ts":1647740646000},
{"id":38,"name":"DLX001","country":"US","ts":1651784288000},{"id":49,"name":"DMR00001","country":"US","ts":1658285337000},
{"id":54,"name":"FC10","country":"US","ts":1668607731000},{"id":53,"name":"GHQATM01","country":"US"},{"id":58,"name":"HY0001","country":"US","ts":1678888719000},
{"id":44,"name":"MM0000","country":"US","ts":1657292279000}]