[
  {
    "id": 1,
    "aid": "A000000003000000",
    "name": "(VISA) Card Manager",
    "vendor": "Visa International",
    "descr": "Used by most GP2.1.1 cards / Oberthur OP201 cards. Visa Proprietary Card Manager AID for OpenPlatform cards (visa.openplatform).",
    "type": "GP",
    "country": "United States"
  },
  {
    "id": 2,
    "aid": "A00000000300037561",
    "name": "Bonuscard",
    "vendor": "Visa International",
    "country": "United States"
  },
  {
    "id": 3,
    "aid": "A00000000305076010",
    "name": "VISA ELO Credit",
    "vendor": "Visa International",
    "type": "EMV",
    "country": "United States"
  },
  {
    "id": 4,
    "aid": "A0000000031010",
    "name": "VISA Debit/Credit (Classic)",
    "vendor": "Visa International",
    "descr": "Standard/Gold VISA credit card",
    "type": "EMV",
    "country": "United States"
  },
  {
    "id": 5,
    "aid": "A000000003101001",
    "name": "VISA Credit",
    "vendor": "Visa International",
    "type": "EMV",
    "country": "United States"
  },
  {
    "id": 6,
    "aid": "A000000003101002",
    "name": "VISA Debit",
    "vendor": "Visa International",
    "type": "EMV",
    "country": "United States"
  },
  {
    "id": 7,
    "aid": "A0000000032010",
    "name": "VISA Electron",
    "vendor": "Visa International",
    "descr": "VISA Electron (Debit)",
    "type": "EMV",
    "country": "United States"
  },
  {
    "id": 8,
    "aid": "A0000000032020",
    "name": "VISA",
    "vendor": "Visa International",
    "descr": "V PAY",
    "type": "EMV",
    "country": "United States"
  },
  {
    "id": 9,
    "aid": "A0000000033010",
    "name": "VISA Interlink",
    "vendor": "Visa International",
    "descr": "VISA Interlink",
    "type": "EMV",
    "country": "United States"
  },
  {
    "id": 10,
    "aid": "A0000000034010",
    "name": "VISA Specific",
    "vendor": "Visa International",
    "descr": "Visa Specific",
    "type": "EMV",
    "country": "United States"
  },
  {
    "id": 11,
    "aid": "A0000000035010",
    "name": "VISA Specific",
    "vendor": "Visa International",
    "descr": "Visa Specific",
    "type": "EMV",
    "country": "United States"
  },
  {
    "id": 12,
    "aid": "A000000003534441",
    "name": "Schlumberger Security Domain",
    "vendor": "Visa International",
    "type": "GP",
    "country": "United States"
  },
  {
    "id": 13,
    "aid": "A0000000035350",
    "name": "Security Domain",
    "vendor": "Visa International",
    "descr": "OCS Oberthur Card System Security Domain Package AID / VGP Card Manager (for ISD and ASD)",
    "type": "GP",
    "country": "United States"
  },
  {
    "id": 14,
    "aid": "A000000003535041",
    "name": "Security Domain",
    "vendor": "Visa International",
    "descr": "OCS Oberthur Card System Security Domain Applet AID / VGP Card Manager (for ISD and ASD)",
    "type": "GP",
    "country": "United States"
  },
  {
    "id": 15,
    "aid": "A0000000036010",
    "name": "Domestic Visa Cash Stored Value",
    "vendor": "Visa International",
    "type": "EMV",
    "country": "United States"
  },
  {
    "id": 16,
    "aid": "A0000000036020",
    "name": "International Visa Cash Stored Value",
    "vendor": "Visa International",
    "type": "EMV",
    "country": "United States"
  },
  {
    "id": 17,
    "aid": "A0000000038002",
    "name": "VISA Auth, VisaRemAuthen EMV-CAP (DPA)",
    "vendor": "Visa International",
    "descr": "VISA Auth dynamic passcode authentication (DPA). Used by Barclays/HBOS",
    "type": "EMV",
    "country": "United States"
  },
  {
    "id": 18,
    "aid": "A0000000038010",
    "name": "VISA Plus",
    "vendor": "Visa International",
    "descr": "VISA plus",
    "type": "EMV",
    "country": "United States"
  },
  {
    "id": 19,
    "aid": "A0000000039010",
    "name": "VISA Loyalty",
    "vendor": "Visa International",
    "type": "EMV",
    "country": "United States"
  },
  {
    "id": 20,
    "aid": "A000000003999910",
    "name": "VISA Proprietary ATM",
    "vendor": "Visa International",
    "type": "EMV",
    "country": "United States"
  },
  {
    "id": 21,
    "aid": "A0000000040000",
    "name": "MasterCard Card Manager",
    "vendor": "Mastercard International",
    "descr": "Security Domain",
    "type": "GP",
    "country": "United States"
  },
  {
    "id": 22,
    "aid": "A00000000401",
    "name": "MasterCard PayPass",
    "vendor": "Mastercard International",
    "descr": "AEPM (Association Européenne Payez Mobile)",
    "type": "EMV",
    "country": "United States"
  },
  {
    "id": 23,
    "aid": "A0000000041010",
    "name": "MasterCard Credit/Debit (Global)",
    "vendor": "Mastercard International",
    "descr": "Standard MasterCard",
    "type": "EMV",
    "country": "United States"
  },
  {
    "id": 24,
    "aid": "A00000000410101213",
    "name": "MasterCard Credit",
    "vendor": "Mastercard International",
    "descr": "Standard MasterCard",
    "type": "EMV",
    "country": "United States"
  },
  {
    "id": 25,
    "aid": "A00000000410101215",
    "name": "MasterCard Credit",
    "vendor": "Mastercard International",
    "descr": "Standard MasterCard",
    "type": "EMV",
    "country": "United States"
  },
  {
    "id": 26,
    "aid": "A0000000041010BB5449435301",
    "name": "[UNKNOWN]",
    "vendor": "Mastercard International",
    "descr": "Some co-branded card?",
    "country": "United States"
  },
  {
    "id": 27,
    "aid": "A0000000042010",
    "name": "MasterCard Specific",
    "vendor": "Mastercard International",
    "descr": "MasterCard Specific",
    "type": "EMV",
    "country": "United States"
  },
  {
    "id": 28,
    "aid": "A0000000042203",
    "name": "MasterCard Specific",
    "vendor": "Mastercard International",
    "descr": "MasterCard U.S. Maestro",
    "country": "United States"
  },
  {
    "id": 29,
    "aid": "A0000000043010",
    "name": "MasterCard Specific",
    "vendor": "Mastercard International",
    "descr": "MasterCard Specific",
    "type": "EMV",
    "country": "United States"
  },
  {
    "id": 30,
    "aid": "A0000000043060",
    "name": "Maestro (Debit)",
    "vendor": "Mastercard International",
    "descr": "Maestro (Debit) Card",
    "type": "EMV",
    "country": "United States"
  },
  {
    "id": 31,
    "aid": "A000000004306001",
    "name": "Maestro (Debit)",
    "vendor": "Mastercard International",
    "descr": "Maestro (Debit) Card",
    "type": "EMV",
    "country": "United States"
  },
  {
    "id": 32,
    "aid": "A0000000044010",
    "name": "MasterCard Specific",
    "vendor": "Mastercard International",
    "descr": "MasterCard Specific",
    "type": "EMV",
    "country": "United States"
  },
  {
    "id": 33,
    "aid": "A0000000045010",
    "name": "MasterCard Specific",
    "vendor": "Mastercard International",
    "descr": "MasterCard Specific",
    "type": "EMV",
    "country": "United States"
  },
  {
    "id": 34,
    "aid": "A0000000045555",
    "name": "APDULogger",
    "vendor": "Mastercard International",
    "descr": "AID on Cirrus Test Card",
    "country": "United States"
  },
  {
    "id": 35,
    "aid": "A0000000046000",
    "name": "Cirrus",
    "vendor": "Mastercard International",
    "descr": "Mastercard Cirrus (Interbank Network) ATM card only",
    "type": "EMV",
    "country": "United States"
  },
  {
    "id": 36,
    "aid": "A0000000048002",
    "name": "SecureCode Auth EMV-CAP",
    "vendor": "Mastercard International",
    "descr": "Chip Authentication Protocol (CAP). Works with NatWest or SecureCode Aut",
    "type": "EMV",
    "country": "United States"
  },
  {
    "id": 37,
    "aid": "A0000000049999",
    "name": "MasterCard PayPass??",
    "vendor": "Mastercard International",
    "type": "EMV",
    "country": "United States"
  },
  {
    "id": 38,
    "aid": "A0000000050001",
    "name": "Maestro UK",
    "vendor": "Switch Card Services Ltd.",
    "descr": "UK Domestic Maestro – Switch (debit card)",
    "type": "EMV",
    "country": "United Kingdom"
  },
  {
    "id": 39,
    "aid": "A0000000050002",
    "name": "Solo",
    "vendor": "Switch Card Services Ltd.",
    "descr": "UK Domestic Maestro – Switch (debit card)",
    "type": "EMV",
    "country": "United Kingdom"
  },
  {
    "id": 40,
    "aid": "A0000000090001FF44FF1289",
    "name": "Orange",
    "vendor": "ETSI",
    "descr": "Orange UK",
    "country": "France"
  },
  {
    "id": 41,
    "aid": "A0000000101030",
    "name": "Maestro-CH",
    "vendor": "Europay International",
    "country": "Belgium"
  },
  {
    "id": 42,
    "aid": "A00000001800",
    "name": "Gemplus ?",
    "vendor": "GEMPLUS",
    "country": "France"
  },
  {
    "id": 43,
    "aid": "A0000000181001",
    "name": "com.gemplus.javacard.util packages",
    "vendor": "GEMPLUS",
    "country": "France"
  },
  {
    "id": 44,
    "aid": "A000000018434D",
    "name": "Gemplus card manager",
    "vendor": "GEMPLUS",
    "descr": "434D = CM (ascii). Security domain for some GCX/GXP cards (GemXpresso Pro) (Gemalto)",
    "type": "GP",
    "country": "France"
  },
  {
    "id": 45,
    "aid": "A000000018434D00",
    "name": "Gemplus Security Domain",
    "vendor": "GEMPLUS",
    "descr": "(Gemalto)",
    "type": "GP",
    "country": "France"
  },
  {
    "id": 46,
    "aid": "A00000002401",
    "name": "Self Service",
    "vendor": "Midland Bank Plc",
    "type": "EMV",
    "country": "United Kingdom"
  },
  {
    "id": 47,
    "aid": "A000000025",
    "name": "American Express",
    "vendor": "American Express",
    "type": "EMV",
    "country": "United Kingdom"
  },
  {
    "id": 48,
    "aid": "A0000000250000",
    "name": "American Express",
    "vendor": "American Express",
    "descr": "American Express (Credit/Debit)",
    "type": "EMV",
    "country": "United Kingdom"
  },
  {
    "id": 49,
    "aid": "A00000002501",
    "name": "American Express",
    "vendor": "American Express",
    "descr": "AEIPS-compliant (A-E contact EMV) payment application",
    "type": "EMV",
    "country": "United Kingdom"
  },
  {
    "id": 50,
    "aid": "A000000025010104",
    "name": "American Express",
    "vendor": "American Express",
    "country": "United Kingdom"
  },
  {
    "id": 51,
    "aid": "A000000025010402",
    "name": "American Express",
    "vendor": "American Express",
    "type": "EMV",
    "country": "United Kingdom"
  },
  {
    "id": 52,
    "aid": "A000000025010701",
    "name": "ExpressPay",
    "vendor": "American Express",
    "type": "EMV",
    "country": "United Kingdom"
  },
  {
    "id": 53,
    "aid": "A000000025010801",
    "name": "American Express",
    "vendor": "American Express",
    "type": "EMV",
    "country": "United Kingdom"
  },
  {
    "id": 54,
    "aid": "A0000000291010",
    "name": "Link / American Express",
    "vendor": "LINK Interchange Network Ltd",
    "descr": "Link (UK) ATM Network, or AMEX (Portugal?)",
    "type": "EMV",
    "country": "United Kingdom"
  },
  {
    "id": 55,
    "aid": "A00000002945087510100000",
    "name": "CO-OP",
    "vendor": "LINK Interchange Network Ltd",
    "country": "United Kingdom"
  },
  {
    "id": 56,
    "aid": "A00000002949034010100001",
    "name": "HSBC",
    "vendor": "LINK Interchange Network Ltd",
    "country": "United Kingdom"
  },
  {
    "id": 57,
    "aid": "A00000002949282010100000",
    "name": "Barclay",
    "vendor": "LINK Interchange Network Ltd",
    "country": "United Kingdom"
  },
  {
    "id": 58,
    "aid": "A000000029564182",
    "name": "HAFX",
    "vendor": "LINK Interchange Network Ltd",
    "country": "United Kingdom"
  },
  {
    "id": 59,
    "aid": "A00000003029057000AD13100101FF",
    "name": "BelPIC (Belgian Personal Identity Card) JavaCard Applet",
    "vendor": "Schlumberger Industries Identif d’Encarteur PR050",
    "descr": "Schlumberger (Gemalto) RID",
    "country": "France"
  },
  {
    "id": 60,
    "aid": "A0000000308000000000280101",
    "name": "Gemalto .NET Card AID",
    "vendor": "Schlumberger Industries Identif d’Encarteur PR050",
    "country": "France"
  },
  {
    "id": 61,
    "aid": "A0000000421010",
    "name": "Cartes Bancaire EMV Card",
    "vendor": "Groupement des Cartes Bancaires “CB”",
    "descr": "Groupement des Cartes Bancaires (France)",
    "type": "EMV",
    "country": "France"
  },
  {
    "id": 62,
    "aid": "A0000000422010",
    "name": "France/EMV",
    "vendor": "Groupement des Cartes Bancaires “CB”",
    "type": "EMV",
    "country": "France"
  },
  {
    "id": 63,
    "aid": "A0000000423010",
    "name": "France/EMV",
    "vendor": "Groupement des Cartes Bancaires “CB”",
    "type": "EMV",
    "country": "France"
  },
  {
    "id": 64,
    "aid": "A0000000424010",
    "name": "France/EMV",
    "vendor": "Groupement des Cartes Bancaires “CB”",
    "type": "EMV",
    "country": "France"
  },
  {
    "id": 65,
    "aid": "A0000000425010",
    "name": "France/EMV",
    "vendor": "Groupement des Cartes Bancaires “CB”",
    "type": "EMV",
    "country": "France"
  },
  {
    "id": 66,
    "aid": "A0000000426010",
    "name": "Contactless payment using Apple Pay",
    "vendor": "Groupement des Cartes Bancaires “CB”",
    "type": "EMV",
    "country": "France"
  },
  {
    "id": 67,
    "aid": "A00000005945430100",
    "name": "Girocard Electronic Cash",
    "vendor": "Zentraler Kreditausschuss (ZKA)",
    "country": "Germany"
  },
  {
    "id": 68,
    "aid": "A000000063504B43532D3135",
    "name": "PKCS-15",
    "vendor": "RSA Laboratories",
    "descr": "RSA PKCS-15 PKI application (Predecessor to ISO7816-15) / ID-card in Finland",
    "country": "United States"
  },
  {
    "id": 69,
    "aid": "A0000000635741502D57494D",
    "name": "WAP-WIM",
    "vendor": "RSA Laboratories",
    "descr": "WAP (Wireless Application Protocol) Identity Module / Wireless Identification Module",
    "country": "United States"
  },
  {
    "id": 70,
    "aid": "A00000006510",
    "name": "JCB",
    "vendor": "JCB CO., LTD.",
    "descr": "Japan Credit Bureau",
    "type": "EMV",
    "country": "Japan"
  },
  {
    "id": 71,
    "aid": "A0000000651010",
    "name": "JCB J Smart Credit",
    "vendor": "JCB CO., LTD.",
    "descr": "Japan Credit Bureau",
    "type": "EMV",
    "country": "Japan"
  },
  {
    "id": 72,
    "aid": "A00000006900",
    "name": "Moneo",
    "vendor": "Société Européenne de Monnaie Electronique SEME",
    "type": "EMV",
    "country": "France"
  },
  {
    "id": 73,
    "aid": "A000000077010000021000000000003B",
    "name": "Visa AEPN",
    "vendor": "Oberthur Technologies",
    "type": "EMV",
    "country": "France"
  },
  {
    "id": 74,
    "aid": "A0000000790100",
    "name": "CACv2 PKI ID",
    "vendor": "Activcard Europe S.A.",
    "descr": "Identity Key",
    "country": "France"
  },
  {
    "id": 75,
    "aid": "A0000000790101",
    "name": "CACv2 PKI Sign",
    "vendor": "Activcard Europe S.A.",
    "descr": "Digital Signature Key",
    "country": "France"
  },
  {
    "id": 76,
    "aid": "A0000000790102",
    "name": "CACv2 PKI Enc",
    "vendor": "Activcard Europe S.A.",
    "descr": "Key Management Key",
    "country": "France"
  },
  {
    "id": 77,
    "aid": "A00000007901F0",
    "name": "CACv1 PKI Identity Key",
    "vendor": "Activcard Europe S.A.",
    "descr": "Re-directs to CACv2 PKI Identity key",
    "country": "France"
  },
  {
    "id": 78,
    "aid": "A00000007901F1",
    "name": "CACv1 PKI Digital Signature Key",
    "vendor": "Activcard Europe S.A.",
    "descr": "Re-directs to CACv2 Digital Signature key",
    "country": "France"
  },
  {
    "id": 79,
    "aid": "A00000007901F2",
    "name": "CACv1 PKI Key Management Key",
    "vendor": "Activcard Europe S.A.",
    "descr": "Re-directs to CACv2 Key Management key",
    "country": "France"
  },
  {
    "id": 80,
    "aid": "A0000000790200",
    "name": "CACv2 DoD Person",
    "vendor": "Activcard Europe S.A.",
    "descr": "DoD Demographic",
    "country": "France"
  },
  {
    "id": 81,
    "aid": "A0000000790201",
    "name": "CACv2 DoD Personnel",
    "vendor": "Activcard Europe S.A.",
    "descr": "DoD Demographic",
    "country": "France"
  },
  {
    "id": 82,
    "aid": "A00000007902FB",
    "name": "CACv1 BC",
    "vendor": "Activcard Europe S.A.",
    "descr": "General Configuration",
    "country": "France"
  },
  {
    "id": 83,
    "aid": "A00000007902FD",
    "name": "CACv1 BC",
    "vendor": "Activcard Europe S.A.",
    "descr": "PKI Certificate Attributes",
    "country": "France"
  },
  {
    "id": 84,
    "aid": "A00000007902FE",
    "name": "CACv1 BC",
    "vendor": "Activcard Europe S.A.",
    "descr": "PKI Cert",
    "country": "France"
  },
  {
    "id": 85,
    "aid": "A0000000790300",
    "name": "CACv2 Access Control Applet",
    "vendor": "Activcard Europe S.A.",
    "descr": "CAC PIN / ID PIN Management Applet",
    "country": "France"
  },
  {
    "id": 86,
    "aid": "A0000000791201",
    "name": "CAC JDM",
    "vendor": "Activcard Europe S.A.",
    "descr": "Joint Data Model. BCAdmin",
    "country": "France"
  },
  {
    "id": 87,
    "aid": "A0000000791202",
    "name": "CAC JDM",
    "vendor": "Activcard Europe S.A.",
    "descr": "Joint Data Model. BCMedical",
    "country": "France"
  },
  {
    "id": 88,
    "aid": "A0000000871002FF49FF0589",
    "name": "Telenor USIM",
    "vendor": "Third Generation Partnership Project (3GPP)",
    "type": "USIM",
    "country": "France"
  },
  {
    "id": 89,
    "aid": "A00000008810200105C100",
    "name": "BuyPass BIDA",
    "vendor": "Buypass AS",
    "descr": "Used by norwegian public betting company Norsk-Tipping?",
    "type": "BuyPass",
    "country": "Norway"
  },
  {
    "id": 90,
    "aid": "A000000088102201034221",
    "name": "BuyPass BEID (BuyPass Electronic ID?)",
    "vendor": "Buypass AS",
    "type": "BuyPass",
    "country": "Norway"
  },
  {
    "id": 91,
    "aid": "A000000088102201034321",
    "name": "BuyPass BEID (BuyPass Electronic ID?)",
    "vendor": "Buypass AS",
    "type": "BuyPass",
    "country": "Norway"
  },
  {
    "id": 92,
    "aid": "A0000000960200",
    "name": "Proton World International Security Domain",
    "vendor": "Sa Proton World International N.V.",
    "descr": "Proton, which is owned in part by Visa International and American Express Co., is in three other European countries: the original Proton program in Belgium, Chipknip in the Netherlands, and Cash in Switzerland",
    "type": "GP",
    "country": "Belgium"
  },
  {
    "id": 93,
    "aid": "A000000098",
    "name": "Debit Card",
    "vendor": "Visa USA",
    "descr": "Bank of America Debit Card",
    "type": "EMV",
    "country": "United States"
  },
  {
    "id": 94,
    "aid": "A0000000980840",
    "name": "Visa Common Debit",
    "vendor": "Visa USA",
    "country": "United States"
  },
  {
    "id": 95,
    "aid": "A0000000980848",
    "name": "Debit Card",
    "vendor": "Visa USA",
    "descr": "Schwab Bank Debit Card",
    "type": "EMV",
    "country": "United States"
  },
  {
    "id": 96,
    "aid": "A0000001110101",
    "name": "Postcard",
    "vendor": "Die Post Postfinance",
    "country": "Switzerland"
  },
  {
    "id": 97,
    "aid": "A0000001160300",
    "name": "PIV CHUID",
    "vendor": "GSA – TFCS",
    "descr": "CHUID",
    "country": "United States"
  },
  {
    "id": 98,
    "aid": "A0000001166010",
    "name": "PIV Fingerprints",
    "vendor": "GSA – TFCS",
    "descr": "Fingerprints",
    "country": "United States"
  },
  {
    "id": 99,
    "aid": "A0000001166030",
    "name": "PIV Facial Image",
    "vendor": "GSA – TFCS",
    "descr": "Facial Image",
    "country": "United States"
  },
  {
    "id": 100,
    "aid": "A0000001169000",
    "name": "PIV Security Object",
    "vendor": "GSA – TFCS",
    "descr": "Security Object",
    "country": "United States"
  },
  {
    "id": 101,
    "aid": "A000000116A001",
    "name": "PIV Authentication Key",
    "vendor": "GSA – TFCS",
    "descr": "PIV Authentication Key",
    "country": "United States"
  },
  {
    "id": 102,
    "aid": "A000000116DB00",
    "name": "CCC",
    "vendor": "GSA – TFCS",
    "descr": "Card Capability Container",
    "country": "United States"
  },
  {
    "id": 103,
    "aid": "A000000118010000",
    "name": "DF_Verkehr",
    "vendor": "Austria Card",
    "descr": "Domestic Loyalty Program (Version 1.3)",
    "country": "Austria"
  },
  {
    "id": 104,
    "aid": "A000000118020000",
    "name": "DF_Partner",
    "vendor": "Austria Card",
    "descr": "Domestic Loyalty Program (Version 1.3)",
    "country": "Austria"
  },
  {
    "id": 105,
    "aid": "A000000118030000",
    "name": "DF_Schülerdaten",
    "vendor": "Austria Card",
    "descr": "Domestic Loyalty Program (Version 1.3)",
    "country": "Austria"
  },
  {
    "id": 106,
    "aid": "A000000118040000",
    "name": "DF_KEP_SIG",
    "vendor": "Austria Card",
    "descr": "Domestic Loyalty Program (Version 1.32)",
    "country": "Austria"
  },
  {
    "id": 107,
    "aid": "A0000001184543",
    "name": "Digital Signature (SSCA)",
    "vendor": "Austria Card",
    "descr": "Digital Signature Application",
    "country": "Austria"
  },
  {
    "id": 108,
    "aid": "A000000118454E",
    "name": "Encryption Application",
    "vendor": "Austria Card",
    "descr": "Encryption Application (Version 1.10)",
    "country": "Austria"
  },
  {
    "id": 109,
    "aid": "A0000001211010",
    "name": "Dankort (VISA GEM Vision)",
    "vendor": "PBS Danmark A/S",
    "descr": "Danish domestic debit card",
    "type": "EMV",
    "country": "Denmark"
  },
  {
    "id": 110,
    "aid": "A0000001320001",
    "name": "org.javacardforum.javacard.biometry",
    "vendor": "Java Card Forum",
    "country": "United States"
  },
  {
    "id": 111,
    "aid": "A0000001408001",
    "name": "eCode",
    "vendor": "TDS TODOS DATA SYSTEM AB",
    "country": "Sweden"
  },
  {
    "id": 112,
    "aid": "A0000001410001",
    "name": "PagoBANCOMAT",
    "vendor": "Associazione Bancaria Italiana",
    "descr": "CoGeBan Consorzio BANCOMAT (Italian domestic debit card)",
    "type": "EMV",
    "country": "Italy"
  },
  {
    "id": 113,
    "aid": "A0000001510000",
    "name": "Global Platform Security Domain AID",
    "vendor": "GlobalPlatform, Inc.",
    "descr": "GP Card Manager",
    "type": "GP",
    "country": "United States"
  },
  {
    "id": 114,
    "aid": "A00000015153504341534400",
    "name": "CASD_AID",
    "vendor": "GlobalPlatform, Inc.",
    "descr": "SPCASD",
    "type": "GP",
    "country": "United States"
  },
  {
    "id": 115,
    "aid": "A0000001523010",
    "name": "Discover, Pulse D Pas",
    "vendor": "Diners Club International Ltd.",
    "descr": "Discover Card",
    "type": "EMV",
    "country": "United States"
  },
  {
    "id": 116,
    "aid": "A0000001524010",
    "name": "Discover",
    "vendor": "Diners Club International Ltd.",
    "descr": "Discover Debit Common Card",
    "type": "EMV",
    "country": "United States"
  },
  {
    "id": 117,
    "aid": "A0000001544442",
    "name": "Banricompras Debito",
    "vendor": "Banrisul – Banco do Estado do Rio Grande do SUL – S.A.",
    "descr": "Banrisul (Brazil)",
    "type": "EMV",
    "country": "Brazil"
  },
  {
    "id": 118,
    "aid": "A0000001570010",
    "name": "AMEX",
    "vendor": "Zühlke Engineering AG",
    "country": "Switzerland"
  },
  {
    "id": 119,
    "aid": "A0000001570020",
    "name": "MasterCard",
    "vendor": "Zühlke Engineering AG",
    "country": "Switzerland"
  },
  {
    "id": 120,
    "aid": "A0000001570021",
    "name": "Maestro",
    "vendor": "Zühlke Engineering AG",
    "country": "Switzerland"
  },
  {
    "id": 121,
    "aid": "A0000001570022",
    "name": "Maestro",
    "vendor": "Zühlke Engineering AG",
    "country": "Switzerland"
  },
  {
    "id": 122,
    "aid": "A0000001570023",
    "name": "CASH",
    "vendor": "Zühlke Engineering AG",
    "country": "Switzerland"
  },
  {
    "id": 123,
    "aid": "A0000001570030",
    "name": "VISA",
    "vendor": "Zühlke Engineering AG",
    "country": "Switzerland"
  },
  {
    "id": 124,
    "aid": "A0000001570031",
    "name": "VISA",
    "vendor": "Zühlke Engineering AG",
    "country": "Switzerland"
  },
  {
    "id": 125,
    "aid": "A0000001570040",
    "name": "JCB",
    "vendor": "Zühlke Engineering AG",
    "country": "Switzerland"
  },
  {
    "id": 126,
    "aid": "A0000001570050",
    "name": "Postcard",
    "vendor": "Zühlke Engineering AG",
    "country": "Switzerland"
  },
  {
    "id": 127,
    "aid": "A0000001570051",
    "name": "Postcard",
    "vendor": "Zühlke Engineering AG",
    "country": "Switzerland"
  },
  {
    "id": 128,
    "aid": "A0000001570100",
    "name": "MCard",
    "vendor": "Zühlke Engineering AG",
    "country": "Switzerland"
  },
  {
    "id": 129,
    "aid": "A0000001570104",
    "name": "MyOne",
    "vendor": "Zühlke Engineering AG",
    "country": "Switzerland"
  },
  {
    "id": 130,
    "aid": "A0000001570109",
    "name": "Mediamarkt Card",
    "vendor": "Zühlke Engineering AG",
    "country": "Switzerland"
  },
  {
    "id": 131,
    "aid": "A000000157010A",
    "name": "Gift Card",
    "vendor": "Zühlke Engineering AG",
    "country": "Switzerland"
  },
  {
    "id": 132,
    "aid": "A000000157010B",
    "name": "Bonuscard",
    "vendor": "Zühlke Engineering AG",
    "country": "Switzerland"
  },
  {
    "id": 133,
    "aid": "A000000157010C",
    "name": "WIRCard",
    "vendor": "Zühlke Engineering AG",
    "country": "Switzerland"
  },
  {
    "id": 134,
    "aid": "A000000157010D",
    "name": "Power Card",
    "vendor": "Zühlke Engineering AG",
    "country": "Switzerland"
  },
  {
    "id": 135,
    "aid": "A0000001574443",
    "name": "DINERS CLUB",
    "vendor": "Zühlke Engineering AG",
    "country": "Switzerland"
  },
  {
    "id": 136,
    "aid": "A0000001574444",
    "name": "Supercard Plus",
    "vendor": "Zühlke Engineering AG",
    "country": "Switzerland"
  },
  {
    "id": 137,
    "aid": "A000000167413000FF",
    "name": "JCOP Identify Applet",
    "vendor": "IBM",
    "descr": "identify in JCOP-tools returns eg 27 34 01 2E 00 00 00 00 4E 58 37 35 31 41 00 03 28 62 B3 6A 82",
    "type": "JCOP",
    "country": "Germany"
  },
  {
    "id": 138,
    "aid": "A000000167413001",
    "name": "FIPS 140-2",
    "vendor": "IBM",
    "descr": "?",
    "country": "Germany"
  },
  {
    "id": 139,
    "aid": "A000000172950001",
    "name": "BAROC Financial Application Taiwan",
    "vendor": "Financial Information Service Co. Ltd.",
    "descr": "The Bankers Association of the Republic of China",
    "type": "EMV",
    "country": "Taiwan"
  },
  {
    "id": 140,
    "aid": "A000000177504B43532D3135",
    "name": "BelPIC (Belgian Personal Identity Card)",
    "vendor": "Ministère de L’Intérieur",
    "country": "Belgium"
  },
  {
    "id": 141,
    "aid": "A0000001850002",
    "name": "UK Post Office Account card",
    "vendor": "Post Office Limited",
    "type": "EMV",
    "country": "United Kingdom"
  },
  {
    "id": 142,
    "aid": "A0000001884443",
    "name": "DINERS CLUB",
    "vendor": "Diners Club Switzerland Ltd",
    "country": "Switzerland"
  },
  {
    "id": 143,
    "aid": "A0000002040000",
    "name": "A0000002040000",
    "vendor": "Association for Payment Clearing Services",
    "country": "United Kingdom"
  },
  {
    "id": 144,
    "aid": "A0000002281010",
    "name": "SPAN (M/Chip)",
    "vendor": "Saudi Arabian Monetary Agency (SAMA)",
    "descr": "SPAN2 (Saudi Payments Network) – Saudi Arabia domestic credit/debit card (Saudi Arabia Monetary Agency)",
    "type": "EMV",
    "country": "Kingdom of Saudi Arabia"
  },
  {
    "id": 145,
    "aid": "A0000002282010",
    "name": "SPAN (VIS)",
    "vendor": "Saudi Arabian Monetary Agency (SAMA)",
    "descr": "SPAN2 (Saudi Payments Network) – Saudi Arabia domestic credit/debit card (Saudi Arabia Monetary Agency)",
    "type": "EMV",
    "country": "Kingdom of Saudi Arabia"
  },
  {
    "id": 146,
    "aid": "A00000022820101010",
    "name": "SPAN",
    "vendor": "Saudi Arabian Monetary Agency (SAMA)",
    "descr": "SPAN2 (Saudi Payments Network) – Saudi Arabia domestic credit/debit card (Saudi Arabia Monetary Agency)",
    "country": "Kingdom of Saudi Arabia"
  },
  {
    "id": 147,
    "aid": "A0000002471001",
    "name": "Machine Readable Travel Documents (MRTD)",
    "vendor": "ISO JTC1/SC17/WG3",
    "descr": "Electronic (Biometric) Passport. Issuer stored data application (The last three digits of the PIX shall be used to denote future version levels.)",
    "type": "MRTD",
    "country": "United Kingdom"
  },
  {
    "id": 148,
    "aid": "A0000002472001",
    "name": "Machine Readable Travel Documents (MRTD)",
    "vendor": "ISO JTC1/SC17/WG3",
    "descr": "Electronic (Biometric) Passport. Application for hashes, digital signature, and certificate (The last three digits of the PIX shall be used to denote future version levels.)",
    "type": "MRTD",
    "country": "United Kingdom"
  },
  {
    "id": 149,
    "aid": "A0000002771010",
    "name": "INTERAC",
    "vendor": "Interac Association",
    "descr": "Canadian domestic credit/debit card",
    "type": "EMV",
    "country": "Canada"
  },
  {
    "id": 150,
    "aid": "A00000030600000000000000",
    "name": "PC/SC Initial access data AID",
    "vendor": "PS/SC Workgroup",
    "descr": "Possibly not an application…",
    "country": "United States"
  },
  {
    "id": 151,
    "aid": "A000000308000010000100",
    "name": "Personal Identity Verification (PIV) / ID-ONE PIV BIO",
    "vendor": "National Institute of Standards and Technology",
    "descr": "PIV End Point Applet. Last 2 bytes designate version?",
    "country": "United States"
  },
  {
    "id": 152,
    "aid": "A00000031510100528",
    "name": "Currence PuC",
    "vendor": "Currence Holding/PIN BV",
    "type": "EMV",
    "country": "The Netherlands"
  },
  {
    "id": 153,
    "aid": "A0000003156020",
    "name": "Chipknip",
    "vendor": "Currence Holding/PIN BV",
    "type": "EMV",
    "country": "The Netherlands"
  },
  {
    "id": 154,
    "aid": "A00000032301",
    "name": "MUSCLE Applet Package",
    "vendor": "Identity Alliance",
    "descr": "http://osdir.com/ml/lib.muscle/2005-12/msg00066.html",
    "country": "United States"
  },
  {
    "id": 155,
    "aid": "A0000003230101",
    "name": "MUSCLE Applet Instance",
    "vendor": "Identity Alliance",
    "descr": "http://osdir.com/ml/lib.muscle/2005-12/msg00066.html",
    "country": "United States"
  },
  {
    "id": 156,
    "aid": "A0000003241010",
    "name": "Discover Zip",
    "vendor": "Discover Financial Services LLC",
    "country": "United States"
  },
  {
    "id": 157,
    "aid": "A000000333010101",
    "name": "UnionPay Debit",
    "vendor": "China Unionpay Co. Ltd",
    "country": "China"
  },
  {
    "id": 158,
    "aid": "A000000333010102",
    "name": "UnionPay Credit",
    "vendor": "China Unionpay Co. Ltd",
    "country": "China"
  },
  {
    "id": 159,
    "aid": "A000000333010103",
    "name": "UnionPay Quasi Credit",
    "vendor": "China Unionpay Co. Ltd",
    "country": "China"
  },
  {
    "id": 160,
    "aid": "A000000333010106",
    "name": "UnionPay Electronic Cash",
    "vendor": "China Unionpay Co. Ltd",
    "country": "China"
  },
  {
    "id": 161,
    "aid": "A000000333010108",
    "name": "U.S. UnionPay Common Debit AID",
    "vendor": "China Unionpay Co. Ltd",
    "country": "China"
  },
  {
    "id": 162,
    "aid": "A000000337301000",
    "name": "Retrait",
    "vendor": "Groupment Interbancaire Monétique de l’ UEMOA",
    "country": "Senegal"
  },
  {
    "id": 163,
    "aid": "A000000337101000",
    "name": "Standard",
    "vendor": "Groupment Interbancaire Monétique de l’ UEMOA",
    "country": "Senegal"
  },
  {
    "id": 164,
    "aid": "A000000337102000",
    "name": "Classic",
    "vendor": "Groupment Interbancaire Monétique de l’ UEMOA",
    "country": "Senegal"
  },
  {
    "id": 165,
    "aid": "A000000337101001",
    "name": "Prepaye Online",
    "vendor": "Groupment Interbancaire Monétique de l’ UEMOA",
    "country": "Senegal"
  },
  {
    "id": 166,
    "aid": "A000000337102001",
    "name": "Prepaye Possibile Offiline",
    "vendor": "Groupment Interbancaire Monétique de l’ UEMOA",
    "country": "Senegal"
  },
  {
    "id": 167,
    "aid": "A000000337601001",
    "name": "Porte Monnaie Electronique",
    "vendor": "Groupment Interbancaire Monétique de l’ UEMOA",
    "country": "Senegal"
  },
  {
    "id": 168,
    "aid": "A0000003591010",
    "name": "A0000003591010",
    "vendor": "Euro Alliance of Payment Schemes s.c.r.l. – EAPS",
    "descr": "Unknown",
    "country": "Belgium"
  },
  {
    "id": 169,
    "aid": "A0000003591010028001",
    "name": "Girocard EAPS",
    "vendor": "Euro Alliance of Payment Schemes s.c.r.l. – EAPS",
    "descr": "ZKA (Germany)",
    "type": "EMV",
    "country": "Belgium"
  },
  {
    "id": 362,
    "aid": "A00000035910100380",
    "name": "A00000035910100380",
    "vendor": "Euro Alliance of Payment Schemes s.c.r.l. – EAPS",
    "descr": "PagoBANCOMAT",
    "country": "Belgium"
  },
  {
    "id": 363,
    "aid": "A0000003660001",
    "name": "Postamat",
    "vendor": "Poste Italiane S.P.A",
    "country": "Italy"
  },
  {
    "id": 364,
    "aid": "A0000003660002",
    "name": "Postamat VISA",
    "vendor": "Poste Italiane S.P.A",
    "country": "Italy"
  },
  {
    "id": 365,
    "aid": "A0000003710001",
    "name": "InterSwitch Verve Card",
    "vendor": "Verve",
    "descr": "Nigerian local switch company",
    "type": "EMV",
    "country": "Nigeria"
  },
  {
    "id": 366,
    "aid": "A00000038410",
    "name": "Savings (debit card)",
    "vendor": "eftpos, Australian Payments Clearing Association Ltd",
    "country": "Australia"
  },
  {
    "id": 367,
    "aid": "A00000038420",
    "name": "Cheque (debit card)",
    "vendor": "eftpos, Australian Payments Clearing Association Ltd",
    "country": "Australia"
  },
  {
    "id": 368,
    "aid": "A0000003964D66344D0002",
    "name": "MIFARE4MOBILE",
    "vendor": "NXP Semiconductors Germany GmbH",
    "descr": "NXP Mf4M",
    "country": "Germany"
  },
  {
    "id": 369,
    "aid": "A00000039742544659",
    "name": "Microsoft IDMP AID",
    "vendor": "Microsoft Corporation",
    "descr": "Identity Device With Microsoft Generic Profile application. 2 bytes can be added at the end. This byte must be set to the IDMP specification revision number which is currently 0x01. The second byte (yy) is reserved for use by the card application.",
    "country": "United States"
  },
  {
    "id": 370,
    "aid": "A0000003974349445F0100",
    "name": "Microsoft PNP AID",
    "vendor": "Microsoft Corporation",
    "descr": "MS Plug and Play",
    "country": "United States"
  },
  {
    "id": 371,
    "aid": "A0000004271010",
    "name": "Hiperchip",
    "vendor": "Unibanco (Hipercard)",
    "country": "Brazil"
  },
  {
    "id": 372,
    "aid": "A0000004320001",
    "name": "Universal Electronic Card",
    "vendor": "ПРО100",
    "country": "Russia"
  },
  {
    "id": 373,
    "aid": "A0000004360100",
    "name": "Ticket Restaurant",
    "vendor": "Edenred",
    "country": "Belgium"
  },
  {
    "id": 374,
    "aid": "A0000004391010",
    "name": "Exchange ATM card",
    "vendor": "ACCEL/Exchange",
    "descr": "The Exchange Network ATM Network",
    "country": "United States"
  },
  {
    "id": 375,
    "aid": "A0000004540010",
    "name": "Etranzact Genesis Card",
    "vendor": "eTranzact",
    "descr": "Nigerian local switch company",
    "type": "EMV",
    "country": "Nigeria"
  },
  {
    "id": 376,
    "aid": "A0000004540011",
    "name": "Etranzact Genesis Card 2",
    "vendor": "eTranzact",
    "descr": "Nigerian local switch company",
    "type": "EMV",
    "country": "Nigeria"
  },
  {
    "id": 377,
    "aid": "A0000004762010",
    "name": "GOOGLE_CONTROLLER_AID",
    "vendor": "Google",
    "descr": "GOOGLE_LOCKET_AID",
    "country": "United States"
  },
  {
    "id": 378,
    "aid": "A0000004763030",
    "name": "GOOGLE_MIFARE_MANAGER_AID",
    "vendor": "Google",
    "country": "United States"
  },
  {
    "id": 379,
    "aid": "A0000004766C",
    "name": "GOOGLE_PAYMENT_AID",
    "vendor": "Google",
    "type": "EMV",
    "country": "United States"
  },
  {
    "id": 380,
    "aid": "A000000476A010",
    "name": "GSD_MANAGER_AID",
    "vendor": "Google",
    "type": "GP",
    "country": "United States"
  },
  {
    "id": 381,
    "aid": "A000000476A110",
    "name": "GSD_MANAGER_AID",
    "vendor": "Google",
    "type": "GP",
    "country": "United States"
  },
  {
    "id": 382,
    "aid": "A000000485",
    "name": "Softcard SmartTap",
    "vendor": "JVL Ventures, LLC (Softcard)",
    "country": "United States"
  },
  {
    "id": 383,
    "aid": "A0000005241010",
    "name": "RuPay",
    "vendor": "RuPay",
    "descr": "RuPay (India)",
    "type": "EMV",
    "country": "India"
  },
  {
    "id": 384,
    "aid": "A0000005271002",
    "name": "Yubikey NEO U2F Demo applet",
    "vendor": "Yubico",
    "descr": "Universal 2-Factor Proof-of-concept/Demo",
    "type": "YKNEO",
    "country": "Sweden"
  },
  {
    "id": 385,
    "aid": "A000000527200101",
    "name": "Yubikey NEO Yubikey2 applet interface",
    "vendor": "Yubico",
    "descr": "Javacard Applet AID",
    "type": "YKNEO",
    "country": "Sweden"
  },
  {
    "id": 386,
    "aid": "A000000527210101",
    "name": "Yubikey NEO OATH Applet",
    "vendor": "Yubico",
    "descr": "Javacard Applet AID",
    "type": "YKNEO",
    "country": "Sweden"
  },
  {
    "id": 387,
    "aid": "A0000005591010FFFFFFFF8900000100",
    "name": "ISD-R Application. Used as TAR.",
    "vendor": "GSMA (GSM Association)",
    "country": "United Kingdom"
  },
  {
    "id": 388,
    "aid": "A0000005591010FFFFFFFF8900000200",
    "name": "ECASD Application. Used as TAR.",
    "vendor": "GSMA (GSM Association)",
    "country": "United Kingdom"
  },
  {
    "id": 389,
    "aid": "A0000005591010FFFFFFFF8900000D00",
    "name": "ISD-P Executable Load File.",
    "vendor": "GSMA (GSM Association)",
    "country": "United Kingdom"
  },
  {
    "id": 390,
    "aid": "A0000005591010FFFFFFFF8900000E00",
    "name": "ISD-P Executable Module.",
    "vendor": "GSMA (GSM Association)",
    "country": "United Kingdom"
  },
  {
    "id": 391,
    "aid": "A0000005591010FFFFFFFF8900000F00",
    "name": "Reserved value for the Profile’s ISD-P",
    "vendor": "GSMA (GSM Association)",
    "country": "United Kingdom"
  },
  {
    "id": 392,
    "aid": "A0000005591010FFFFFFFF8900001000",
    "name": "ISD-P Application (Used as TAR.",
    "vendor": "GSMA (GSM Association)",
    "country": "United Kingdom"
  },
  {
    "id": 393,
    "aid": "A00000061700",
    "name": "Fidesmo javacard",
    "vendor": "Fidesmo",
    "country": "Sweden"
  },
  {
    "id": 394,
    "aid": "A0000006200620",
    "name": "Debit Network Alliance (DNA)",
    "vendor": "Debit Network Alliance (DNA)",
    "descr": "Common U.S. Debit",
    "country": "United States"
  },
  {
    "id": 395,
    "aid": "A0000006260101010001",
    "name": "SwissPass/SwissPass Plus",
    "vendor": "SwissPass",
    "country": "Switzerland"
  },
  {
    "id": 396,
    "aid": "A0000006351010",
    "name": "A0000006351010",
    "vendor": "Bancnet",
    "country": "Philippines"
  },
  {
    "id": 397,
    "aid": "A0000006581010",
    "name": "MIR Credit",
    "vendor": "MIR",
    "country": "Russia"
  },
  {
    "id": 398,
    "aid": "A0000006581011",
    "name": "MIR Credit",
    "vendor": "MIR",
    "country": "Russia"
  },
  {
    "id": 399,
    "aid": "A0000006582010",
    "name": "MIR Debit",
    "vendor": "MIR",
    "country": "Russia"
  },
  {
    "id": 400,
    "aid": "A0000006723010",
    "name": "TROY chip credit card",
    "vendor": "TROY",
    "descr": "Turkey’s Payment Method",
    "type": "EMV",
    "country": "Turkey"
  },
  {
    "id": 401,
    "aid": "A0000006723020",
    "name": "TROY chip debit card",
    "vendor": "TROY",
    "descr": "Turkey’s Payment Method",
    "type": "EMV",
    "country": "Turkey"
  },
  {
    "id": 402,
    "aid": "A0000007705850",
    "name": "XTRAPOWER Fleet Card Program",
    "vendor": "Indian Oil Corporation Limited",
    "descr": "Indian Oil’s Pre Paid Program",
    "type": "EMV",
    "country": "India"
  },
  {
    "id": 403,
    "aid": "A0000007790000",
    "name": "A0000007790000",
    "vendor": "Zimswitch",
    "country": "Zimbabwe"
  },
  {
    "id": 404,
    "aid": "B012345678",
    "name": "Maestro TEST",
    "vendor": "MasterCard International",
    "descr": "Used for development",
    "type": "EMV",
    "country": "United States"
  },
  {
    "id": 405,
    "aid": "D040000001000002",
    "name": "Paylife Quick (IEP). Preloaded Electronic Purse",
    "vendor": "Paylife",
    "descr": "Domestic Payment System (Version 2.1)",
    "country": "Austria"
  },
  {
    "id": 406,
    "aid": "D040000002000002",
    "name": "RFU",
    "vendor": "Austria Card",
    "descr": "Domestic Payment System (Version 2.1)",
    "country": "Austria"
  },
  {
    "id": 407,
    "aid": "D040000003000002",
    "name": "POS",
    "vendor": "Austria Card",
    "descr": "Domestic Payment System (Version 2.1)",
    "country": "Austria"
  },
  {
    "id": 408,
    "aid": "D040000004000002",
    "name": "ATM",
    "vendor": "Austria Card",
    "descr": "Domestic Payment System (Version 2.1)",
    "country": "Austria"
  },
  {
    "id": 409,
    "aid": "D04000000B000002",
    "name": "Retail",
    "vendor": "Austria Card",
    "descr": "Domestic Loyalty Program (Version 2.1)",
    "country": "Austria"
  },
  {
    "id": 410,
    "aid": "D04000000C000002",
    "name": "Bank_Data",
    "vendor": "Austria Card",
    "descr": "Domestic Loyalty Program (Version 2.1)",
    "country": "Austria"
  },
  {
    "id": 411,
    "aid": "D04000000D000002",
    "name": "Shopping",
    "vendor": "Austria Card",
    "descr": "Domestic Loyalty Program (Version 2.1)",
    "country": "Austria"
  },
  {
    "id": 412,
    "aid": "D040000013000001",
    "name": "DF_UNI_Kepler1",
    "vendor": "Austria Card",
    "descr": "Domestic Loyalty Program (Version 2.0)",
    "country": "Austria"
  },
  {
    "id": 414,
    "aid": "D040000013000002",
    "name": "DF_UNI_Kepler2",
    "vendor": "Austria Card",
    "descr": "Domestic Loyalty Program (Version 2.0)",
    "country": "Austria"
  },
  {
    "id": 416,
    "aid": "D040000014000001",
    "name": "DF_Mensa",
    "vendor": "Austria Card",
    "descr": "Domestic Loyalty Program (Version 2.0)",
    "country": "Austria"
  },
  {
    "id": 417,
    "aid": "D040000015000001",
    "name": "DF_UNI_Ausweis",
    "vendor": "Austria Card",
    "descr": "Domestic Loyalty Program (Version 2.0)",
    "country": "Austria"
  },
  {
    "id": 419,
    "aid": "D0400000190001",
    "name": "EMV ATM Maestro",
    "vendor": "Austria Card",
    "descr": "Domestic EMV Application (Version 2.1)",
    "country": "Austria"
  },
  {
    "id": 420,
    "aid": "D0400000190002",
    "name": "EMV POS Maestro",
    "vendor": "Austria Card",
    "descr": "Domestic EMV Application (Version 2.1)",
    "country": "Austria"
  },
  {
    "id": 421,
    "aid": "D0400000190003",
    "name": "EMV ATM MasterCard",
    "vendor": "Austria Card",
    "descr": "Domestic EMV Application (Version 2.1)",
    "country": "Austria"
  },
  {
    "id": 422,
    "aid": "D0400000190004",
    "name": "EMV POS MasterCard",
    "vendor": "Austria Card",
    "descr": "Domestic EMV Application (Version 2.1)",
    "country": "Austria"
  },
  {
    "id": 423,
    "aid": "D0400000190010",
    "name": "Digital ID",
    "vendor": "Austria Card",
    "descr": "Domestic Payment System (Version 2.1)",
    "country": "Austria"
  },
  {
    "id": 424,
    "aid": "D268000001",
    "name": "Fiscal module application",
    "vendor": "Ministry of Finance of Georgia",
    "descr": "Georgia Revenue Service application for fiscal cash registers",
    "country": "Georgia"
  },
  {
    "id": 425,
    "aid": "D276000005",
    "name": "D276000005",
    "vendor": "Giesecke&Devrient",
    "descr": "Giesecke & Devrient",
    "country": "Germany"
  },
  {
    "id": 426,
    "aid": "D276000005AA040360010410",
    "name": "G D App Nokia 6212",
    "vendor": "Giesecke&Devrient",
    "country": "Germany"
  },
  {
    "id": 427,
    "aid": "D276000005AA0503E00401",
    "name": "G D App Nokia 6212",
    "vendor": "Giesecke&Devrient",
    "country": "Germany"
  },
  {
    "id": 428,
    "aid": "D276000005AA0503E00501",
    "name": "G D App Nokia 6212",
    "vendor": "Giesecke&Devrient",
    "country": "Germany"
  },
  {
    "id": 429,
    "aid": "D276000005AA0503E0050101",
    "name": "G D App Nokia 6212",
    "vendor": "Giesecke&Devrient",
    "country": "Germany"
  },
  {
    "id": 430,
    "aid": "D276000005AB0503E0040101",
    "name": "G D App Nokia 6212",
    "vendor": "Giesecke&Devrient",
    "country": "Germany"
  },
  {
    "id": 431,
    "aid": "D27600002200000001",
    "name": "SCT LOYALTY",
    "vendor": "IBM Laboratories",
    "descr": "IBM Test card from the book ‘Smart Card Application Development Using Java’",
    "country": "Germany"
  },
  {
    "id": 432,
    "aid": "D27600002200000002",
    "name": "BUSINESS CARD",
    "vendor": "IBM Laboratories",
    "descr": "IBM Test card from the book ‘Smart Card Application Development Using Java’",
    "country": "Germany"
  },
  {
    "id": 433,
    "aid": "D27600002200000060",
    "name": "PKCS#11 Token",
    "vendor": "IBM Laboratories",
    "descr": "IBM Test card from the book ‘Smart Card Application Development Using Java’",
    "country": "Germany"
  },
  {
    "id": 434,
    "aid": "D276000025",
    "name": "Girocard",
    "vendor": "ZKA",
    "descr": "Girocard (Geldkarte) in Germany",
    "country": "Germany"
  },
  {
    "id": 435,
    "aid": "D27600002545410100",
    "name": "D27600002545410100",
    "vendor": "ZKA",
    "descr": "Unknown",
    "country": "Germany"
  },
  {
    "id": 436,
    "aid": "D27600002545500100",
    "name": "Girocard",
    "vendor": "ZKA",
    "descr": "ZKA Girocard (Geldkarte) (Germany)",
    "type": "EMV",
    "country": "Germany"
  },
  {
    "id": 437,
    "aid": "D27600002547410100",
    "name": "Girocard ATM",
    "vendor": "ZKA",
    "country": "Germany"
  },
  {
    "id": 438,
    "aid": "D276000060",
    "name": "D276000060",
    "vendor": "Wolfgang Rankl",
    "country": "Germany"
  },
  {
    "id": 439,
    "aid": "D2760000850100",
    "name": "NDEF Tag Application / Mifare DESFire Tag Application",
    "vendor": "NXP Semiconductors / NFC Forum",
    "descr": "NFC Forum Type 4 Tag",
    "country": "Germany"
  },
  {
    "id": 440,
    "aid": "D2760000850101",
    "name": "NDEF Tag Application",
    "vendor": "NXP Semiconductors / NFC Forum",
    "descr": "NFC Tag type 4 tag",
    "country": "Germany"
  },
  {
    "id": 441,
    "aid": "D276000118",
    "name": "D276000118",
    "vendor": "Giesecke&Devrient Java Card Telecommunikation",
    "country": "Germany"
  },
  {
    "id": 442,
    "aid": "D2760001180101",
    "name": "Giesecke &amp",
    "vendor": "Giesecke&Devrient Java Card Telecommunikation",
    "descr": "Devrient Test Applet?",
    "country": "Germany"
  },
  {
    "id": 443,
    "aid": "D27600012401",
    "name": "OpenPGP Card",
    "vendor": "fsfEurope",
    "descr": "For selection when not knowing the exact full AID",
    "type": "OpenPGP",
    "country": "Germany"
  },
  {
    "id": 444,
    "aid": "D276000124010101FFFF000000010000",
    "name": "OpenPGP Card",
    "vendor": "fsfEurope",
    "descr": "Version 1",
    "type": "OpenPGP",
    "country": "Germany"
  },
  {
    "id": 445,
    "aid": "D2760001240102000000000000010000",
    "name": "OpenPGP Card",
    "vendor": "fsfEurope",
    "descr": "Version 2",
    "type": "OpenPGP",
    "country": "Germany"
  },
  {
    "id": 446,
    "aid": "D27600012402",
    "name": "SmartChess",
    "vendor": "fsfEurope",
    "descr": "http://smartchess.de/englisch/SmartChess_1.0.pdf",
    "type": "SmartChess",
    "country": "Germany"
  },
  {
    "id": 447,
    "aid": "D2760001240200010000000000000000",
    "name": "SmartChess",
    "vendor": "fsfEurope",
    "descr": "http://smartchess.de/englisch/SmartChess_1.0.pdf",
    "type": "SmartChess",
    "country": "Germany"
  },
  {
    "id": 448,
    "aid": "D4100000011010",
    "name": "D4100000011010",
    "vendor": "Republic of Korea"
  },
  {
    "id": 449,
    "aid": "D5280050218002",
    "name": "(Netherlands)",
    "vendor": "The Netherlands",
    "type": "EMV",
    "country": "?"
  },
  {
    "id": 450,
    "aid": "D5780000021010",
    "name": "Bankaxept",
    "vendor": "Bankaxept",
    "descr": "Norwegian domestic debit card",
    "type": "EMV",
    "country": "Norway"
  },
  {
    "id": 451,
    "aid": "D7560000010101",
    "name": "Reka Card",
    "vendor": "Swiss Travel Fund (Reka)",
    "descr": "prepaid functional debit card",
    "country": "Switzerland"
  },
  {
    "id": 452,
    "aid": "D7560000300101",
    "name": "M Budget",
    "vendor": "Migros (FCM, GE Money Bank and MasterCard)",
    "country": "Switzerland"
  },
  {
    "id": 453,
    "aid": "D8040000013010",
    "name": "PROSTIR Card",
    "vendor": "PROSTIR",
    "country": "Ukraine"
  },
  {
    "id": 454,
    "aid": "E80704007F00070302",
    "name": "E80704007F00070302",
    "vendor": "nPA",
    "country": "German eID"
  },
  {
    "id": 455,
    "aid": "E82881C11702",
    "name": "E82881C11702",
    "vendor": "AlphaCard application"
  },
  {
    "id": 456,
    "aid": "E828BD080F",
    "name": "E828BD080F",
    "vendor": "ISO-7816-15 EF.DIR",
    "country": "Iso adoption of PKCS-15"
  },
  {
    "id": 457,
    "aid": "F0000000030001",
    "name": "Brazilian Bank Banco Bradesco/EMV",
    "vendor": "BRADESCO",
    "type": "EMV",
    "country": "Brazilian Bank Banco Bradesco"
  },
  {
    "id": 458,
    "aid": "AXXXXXX0031010",
    "name": "AXXXXXX0031010"
  },
  {
    "id": 459,
    "aid": "AXXXXXXXXXX010",
    "name": "AXXXXXXXXXX010"
  },
  {
    "id": 460,
    "aid": "A0XXXXXXXX1010",
    "name": "A0XXXXXXXX1010"
  },
  {
    "id": 461,
    "aid": "A0XXXXXXXXXX10",
    "name": "A0XXXXXXXXXX10"
  },
  {
    "id": 462,
    "aid": "A0000XXXXXX010",
    "name": "A0000XXXXXX010"
  },
  {
    "id": 463,
    "aid": "AXXXXXXXX31010",
    "name": "AXXXXXXXX31010"
  },
  {
    "id": 464,
    "aid": "A000XXXXXX1010",
    "name": "A000XXXXXX1010"
  },
  {
    "id": 465,
    "aid": "A000000XXXXXX0",
    "name": "A000000XXXXXX0"
  },
  {
    "id": 466,
    "aid": "A0000000XXXXXX",
    "name": "A0000000XXXXXX"
  },
  {
    "id": 467,
    "aid": "A00XXXXXXXX010",
    "name": "A00XXXXXXXX010"
  },
  {
    "id": 468,
    "aid": "AXXXXXX0041010",
    "name": "AXXXXXX0041010"
  },
  {
    "id": 469,
    "aid": "A00000XXXXXX10",
    "name": "A00000XXXXXX10"
  },
  {
    "id": 470,
    "aid": "AXXXXXXX031010",
    "name": "AXXXXXXX031010"
  },
  {
    "id": 471,
    "aid": "A00XXXXXXXXX10",
    "name": "A00XXXXXXXXX10"
  },
  {
    "id": 472,
    "aid": "AXXXXXXXX41010",
    "name": "AXXXXXXXX41010"
  },
  {
    "id": 473,
    "aid": "AXXXXX00031010",
    "name": "AXXXXX00031010"
  },
  {
    "id": 474,
    "aid": "A00XXXXXXX1010",
    "name": "A00XXXXXXX1010"
  },
  {
    "id": 475,
    "aid": "AXXXXXXXX24010",
    "name": "AXXXXXXXX24010"
  },
  {
    "id": 476,
    "aid": "A000XXXXXXX010",
    "name": "A000XXXXXXX010"
  },
  {
    "id": 477,
    "aid": "A000XXXXXXXX10",
    "name": "A000XXXXXXXX10"
  },
  {
    "id": 478,
    "aid": "AXXXXX00041010",
    "name": "AXXXXX00041010"
  }
]