[
	{
		"atm": {
			"id": 27,
			"txt": "AT0001"
		},
		"app": {
			"id": 4,
			"txt": "A0000000031010"
		},
		"hst": {
			"id": 7,
			"txt": "101",
			"descr": "TRANSACTION COMPLETED"
		},
		"ttp": {
			"id": 11,
			"txt": "BAL",
			"descr": "BALANCE INQUIRY"
		},
		"pan": "436618*1825",
		"devTime": 20211122150630,
		"amount": 0,
		"amountW": 0,
		"amountP": 0,
		"amountR": 0,
		"ref": "0078"
	},
	{
		"atm": {
			"id": 27,
			"txt": "AT0001"
		},
		"app": {
			"id": 4,
			"txt": "A0000000031010"
		},
		"pan": "436618*1825",
		"devTime": 20211122150720,
		"amount": 0,
		"amountW": 0,
		"amountP": 0,
		"amountR": 0
	},
	{
		"atm": {
			"id": 27,
			"txt": "AT0001"
		},
		"app": {
			"id": 4,
			"txt": "A0000000031010"
		},
		"hst": {
			"id": 90,
			"txt": "COMPLETE",
			"descr": "TRANSACTION COMPLETED SUCCESSFULLY"
		},
		"ttp": {
			"id": 11,
			"txt": "BAL",
			"descr": "BALANCE INQUIRY"
		},
		"key": [
			{
				"id": 59,
				"txt": "REQUEST_SENT",
				"descr": "Transaction Request Sent to Host"
			},
			{
				"id": 60,
				"txt": "COMPLETE",
				"descr": "Transaction Approved By Host"
			}
		],
		"pan": "459954*0510",
		"devTime": 20211124093353,
		"amount": 0,
		"amountW": 0,
		"amountP": 0,
		"amountR": 0,
		"ref": "0079"
	},
	{
		"atm": {
			"id": 27,
			"txt": "AT0001"
		},
		"app": {
			"id": 4,
			"txt": "A0000000031010"
		},
		"hst": {
			"id": 93,
			"txt": "CANCELLED",
			"descr": "TRANSACTION CANCELLED BY HOST"
		},
		"ttp": {
			"id": 8,
			"txt": "COUT",
			"descr": "WITHDRAWAL"
		},
		"key": [
			{
				"id": 59,
				"txt": "REQUEST_SENT",
				"descr": "Transaction Request Sent to Host"
			},
			{
				"id": 66,
				"txt": "REVERSAL",
				"descr": "Reversal Initiated"
			},
			{
				"id": 69,
				"txt": "NETWORK_ERROR",
				"descr": "No Host Response"
			},
			{
				"id": 73,
				"txt": "APPLICATION_TIMEOUT",
				"descr": "Application Timeout"
			}
		],
		"pan": "459954*0510",
		"devTime": 20211124094303,
		"amount": 20,
		"amountW": 0,
		"amountP": 0,
		"amountR": 0,
		"err": true
	},
	{
		"atm": {
			"id": 27,
			"txt": "AT0001"
		},
		"app": {
			"id": 4,
			"txt": "A0000000031010"
		},
		"hst": {
			"id": 90,
			"txt": "COMPLETE",
			"descr": "TRANSACTION COMPLETED SUCCESSFULLY"
		},
		"ttp": {
			"id": 11,
			"txt": "BAL",
			"descr": "BALANCE INQUIRY"
		},
		"key": [
			{
				"id": 59,
				"txt": "REQUEST_SENT",
				"descr": "Transaction Request Sent to Host"
			},
			{
				"id": 60,
				"txt": "COMPLETE",
				"descr": "Transaction Approved By Host"
			}
		],
		"pan": "459954*0510",
		"devTime": 20211124094809,
		"amount": 0,
		"amountW": 0,
		"amountP": 0,
		"amountR": 0,
		"ref": "0080"
	},
	{
		"atm": {
			"id": 51,
			"txt": "SJ01"
		},
		"hst": {
			"id": 90,
			"txt": "COMPLETE",
			"descr": "TRANSACTION COMPLETED SUCCESSFULLY"
		},
		"ttp": {
			"id": 34,
			"txt": "DEP_CASH",
			"descr": "Cash Deposit"
		},
		"key": [
			{
				"id": 59,
				"txt": "REQUEST_SENT",
				"descr": "Transaction Request Sent to Host"
			},
			{
				"id": 60,
				"txt": "COMPLETE",
				"descr": "Transaction Approved By Host"
			}
		],
		"pan": "XXXXXX*0527",
		"devTime": 20230213070542,
		"amount": 600,
		"amountW": 0,
		"amountP": 0,
		"amountR": 0,
		"ref": "1310"
	},
	{
		"atm": {
			"id": 51,
			"txt": "SJ01"
		},
		"hst": {
			"id": 90,
			"txt": "COMPLETE",
			"descr": "TRANSACTION COMPLETED SUCCESSFULLY"
		},
		"ttp": {
			"id": 34,
			"txt": "DEP_CASH",
			"descr": "Cash Deposit"
		},
		"key": [
			{
				"id": 59,
				"txt": "REQUEST_SENT",
				"descr": "Transaction Request Sent to Host"
			},
			{
				"id": 60,
				"txt": "COMPLETE",
				"descr": "Transaction Approved By Host"
			}
		],
		"pan": "XXXXXX*3459",
		"devTime": 20230213071823,
		"amount": 300,
		"amountW": 0,
		"amountP": 0,
		"amountR": 0,
		"ref": "1311"
	},
	{
		"atm": {
			"id": 23,
			"txt": "P330777"
		},
		"app": {
			"id": 4,
			"txt": "A0000000031010"
		},
		"hst": {
			"id": 90,
			"txt": "COMPLETE",
			"descr": "TRANSACTION COMPLETED SUCCESSFULLY"
		},
		"ttp": {
			"id": 11,
			"txt": "BAL",
			"descr": "BALANCE INQUIRY"
		},
		"key": [
			{
				"id": 59,
				"txt": "REQUEST_SENT",
				"descr": "Transaction Request Sent to Host"
			},
			{
				"id": 60,
				"txt": "COMPLETE",
				"descr": "Transaction Approved By Host"
			}
		],
		"pan": "434256*2773",
		"devTime": 20210815130731,
		"amount": 0,
		"amountW": 0,
		"amountP": 0,
		"amountR": 0,
		"ref": "7699"
	},
	{
		"atm": {
			"id": 23,
			"txt": "P330777"
		},
		"app": {
			"id": 4,
			"txt": "A0000000031010"
		},
		"hst": {
			"id": 90,
			"txt": "COMPLETE",
			"descr": "TRANSACTION COMPLETED SUCCESSFULLY"
		},
		"ttp": {
			"id": 8,
			"txt": "COUT",
			"descr": "WITHDRAWAL"
		},
		"key": [
			{
				"id": 59,
				"txt": "REQUEST_SENT",
				"descr": "Transaction Request Sent to Host"
			},
			{
				"id": 60,
				"txt": "COMPLETE",
				"descr": "Transaction Approved By Host"
			},
			{
				"id": 61,
				"txt": "FUNDS_PRESENTED",
				"descr": "Funds Presented Successfully"
			},
			{
				"id": 62,
				"txt": "FUNDS_RECEIVED",
				"descr": "Funds Removed"
			}
		],
		"pan": "434256*2773",
		"devTime": 20210815130829,
		"amount": 500,
		"amountW": 500,
		"amountP": 500,
		"amountR": 0,
		"ref": "7700"
	},
	{
		"atm": {
			"id": 37,
			"txt": "TT1161"
		},
		"hst": {
			"id": 90,
			"txt": "COMPLETE",
			"descr": "TRANSACTION COMPLETED SUCCESSFULLY"
		},
		"ttp": {
			"id": 8,
			"txt": "COUT",
			"descr": "WITHDRAWAL"
		},
		"key": [
			{
				"id": 59,
				"txt": "REQUEST_SENT",
				"descr": "Transaction Request Sent to Host"
			},
			{
				"id": 60,
				"txt": "COMPLETE",
				"descr": "Transaction Approved By Host"
			},
			{
				"id": 61,
				"txt": "FUNDS_PRESENTED",
				"descr": "Funds Presented Successfully"
			},
			{
				"id": 62,
				"txt": "FUNDS_RECEIVED",
				"descr": "Funds Removed"
			}
		],
		"pan": "430395*8366",
		"devTime": 20210430090849,
		"amount": 1240,
		"amountW": 1240,
		"amountP": 1240,
		"amountR": 0,
		"ref": "5292"
	}
]